<?xml version="1.0" encoding="UTF-8"?>
<export version="D">
  <design>
    <source>/projects/synth/MiniOSC/KiCad/MiniOSC 1.1/MiniOSC.sch</source>
    <date>Friday, 03 December, 2021 10:30:45 AM PST</date>
    <tool>Eeschema 5.1.9+dfsg1-1~bpo10+1</tool>
    <sheet number="1" name="/" tstamps="/">
      <title_block>
        <title>MiniOSC</title>
        <company>benjiaomodular</company>
        <rev>1.0</rev>
        <date/>
        <source>MiniOSC.sch</source>
        <comment number="1" value=""/>
        <comment number="2" value=""/>
        <comment number="3" value=""/>
        <comment number="4" value=""/>
      </title_block>
    </sheet>
    <sheet number="2" name="/FrontPanel/" tstamps="/61B188F6/">
      <title_block>
        <title/>
        <company/>
        <rev/>
        <date/>
        <source>FrontPanel.sch</source>
        <comment number="1" value=""/>
        <comment number="2" value=""/>
        <comment number="3" value=""/>
        <comment number="4" value=""/>
      </title_block>
    </sheet>
    <sheet number="3" name="/Power/" tstamps="/61FA9972/">
      <title_block>
        <title/>
        <company/>
        <rev/>
        <date/>
        <source>Power.sch</source>
        <comment number="1" value=""/>
        <comment number="2" value=""/>
        <comment number="3" value=""/>
        <comment number="4" value=""/>
      </title_block>
    </sheet>
    <sheet number="4" name="/Unused/" tstamps="/61FE83AF/">
      <title_block>
        <title/>
        <company/>
        <rev/>
        <date/>
        <source>Unused.sch</source>
        <comment number="1" value=""/>
        <comment number="2" value=""/>
        <comment number="3" value=""/>
        <comment number="4" value=""/>
      </title_block>
    </sheet>
  </design>
  <components>
    <comp ref="R1">
      <value>100K</value>
      <footprint>Resistor_THT:R_Axial_DIN0207_L6.3mm_D2.5mm_P7.62mm_Horizontal</footprint>
      <datasheet>~</datasheet>
      <libsource lib="Device" part="R" description="Resistor"/>
      <sheetpath names="/" tstamps="/"/>
      <tstamp>6185CCFF</tstamp>
    </comp>
    <comp ref="R2">
      <value>1M</value>
      <footprint>Resistor_THT:R_Axial_DIN0207_L6.3mm_D2.5mm_P7.62mm_Horizontal</footprint>
      <datasheet>~</datasheet>
      <libsource lib="Device" part="R" description="Resistor"/>
      <sheetpath names="/" tstamps="/"/>
      <tstamp>6185FCAB</tstamp>
    </comp>
    <comp ref="R3">
      <value>100K</value>
      <footprint>Resistor_THT:R_Axial_DIN0207_L6.3mm_D2.5mm_P7.62mm_Horizontal</footprint>
      <datasheet>~</datasheet>
      <libsource lib="Device" part="R" description="Resistor"/>
      <sheetpath names="/" tstamps="/"/>
      <tstamp>61862078</tstamp>
    </comp>
    <comp ref="R4">
      <value>100K</value>
      <footprint>Resistor_THT:R_Axial_DIN0207_L6.3mm_D2.5mm_P7.62mm_Horizontal</footprint>
      <datasheet>~</datasheet>
      <libsource lib="Device" part="R" description="Resistor"/>
      <sheetpath names="/" tstamps="/"/>
      <tstamp>61862791</tstamp>
    </comp>
    <comp ref="TH3">
      <value>10K NTC</value>
      <footprint>Capacitor_THT:C_Disc_D3.8mm_W2.6mm_P2.50mm</footprint>
      <datasheet>~</datasheet>
      <libsource lib="Device" part="Thermistor" description="Temperature dependent resistor"/>
      <sheetpath names="/" tstamps="/"/>
      <tstamp>61881372</tstamp>
    </comp>
    <comp ref="TH2">
      <value>10K NTC</value>
      <footprint>Capacitor_THT:C_Disc_D3.8mm_W2.6mm_P2.50mm</footprint>
      <datasheet>~</datasheet>
      <libsource lib="Device" part="Thermistor" description="Temperature dependent resistor"/>
      <sheetpath names="/" tstamps="/"/>
      <tstamp>61881E87</tstamp>
    </comp>
    <comp ref="TH1">
      <value>10K NTC</value>
      <footprint>Capacitor_THT:C_Disc_D3.8mm_W2.6mm_P2.50mm</footprint>
      <datasheet>~</datasheet>
      <libsource lib="Device" part="Thermistor" description="Temperature dependent resistor"/>
      <sheetpath names="/" tstamps="/"/>
      <tstamp>6188600B</tstamp>
    </comp>
    <comp ref="R5">
      <value>1K5</value>
      <footprint>Resistor_THT:R_Axial_DIN0207_L6.3mm_D2.5mm_P7.62mm_Horizontal</footprint>
      <datasheet>~</datasheet>
      <libsource lib="Device" part="R" description="Resistor"/>
      <sheetpath names="/" tstamps="/"/>
      <tstamp>618A17E9</tstamp>
    </comp>
    <comp ref="Q1">
      <value>BC558</value>
      <footprint>Package_TO_SOT_THT:TO-92_Inline</footprint>
      <datasheet>https://www.onsemi.com/pub/Collateral/BC556BTA-D.pdf</datasheet>
      <libsource lib="Transistor_BJT" part="BC558" description="0.1A Ic, 30V Vce, PNP Small Signal Transistor, TO-92"/>
      <sheetpath names="/" tstamps="/"/>
      <tstamp>618CC5BF</tstamp>
    </comp>
    <comp ref="Q2">
      <value>BC548</value>
      <footprint>Package_TO_SOT_THT:TO-92_Inline</footprint>
      <datasheet>https://www.onsemi.com/pub/Collateral/BC550-D.pdf</datasheet>
      <libsource lib="Transistor_BJT" part="BC548" description="0.1A Ic, 30V Vce, Small Signal NPN Transistor, TO-92"/>
      <sheetpath names="/" tstamps="/"/>
      <tstamp>618CDD0A</tstamp>
    </comp>
    <comp ref="R6">
      <value>1M</value>
      <footprint>Resistor_THT:R_Axial_DIN0207_L6.3mm_D2.5mm_P7.62mm_Horizontal</footprint>
      <datasheet>~</datasheet>
      <libsource lib="Device" part="R" description="Resistor"/>
      <sheetpath names="/" tstamps="/"/>
      <tstamp>618E8EA8</tstamp>
    </comp>
    <comp ref="U2">
      <value>40106</value>
      <footprint>Package_DIP:DIP-14_W7.62mm_Socket</footprint>
      <datasheet>https://assets.nexperia.com/documents/data-sheet/HEF40106B.pdf</datasheet>
      <libsource lib="4xxx" part="40106" description="Hex Schmitt trigger inverter"/>
      <sheetpath names="/" tstamps="/"/>
      <tstamp>61907BAC</tstamp>
    </comp>
    <comp ref="D1">
      <value>1N4148</value>
      <footprint>Diode_THT:D_DO-35_SOD27_P7.62mm_Horizontal</footprint>
      <datasheet>https://assets.nexperia.com/documents/data-sheet/1N4148_1N4448.pdf</datasheet>
      <libsource lib="Diode" part="1N4148" description="100V 0.15A standard switching diode, DO-35"/>
      <sheetpath names="/" tstamps="/"/>
      <tstamp>61912A19</tstamp>
    </comp>
    <comp ref="C1">
      <value>2.2nF</value>
      <footprint>Capacitor_THT:C_Rect_L7.2mm_W2.5mm_P5.00mm_FKS2_FKP2_MKS2_MKP2</footprint>
      <datasheet>~</datasheet>
      <libsource lib="Device" part="C" description="Unpolarized capacitor"/>
      <sheetpath names="/" tstamps="/"/>
      <tstamp>6191C5BC</tstamp>
    </comp>
    <comp ref="U1">
      <value>TL074</value>
      <footprint>Package_DIP:DIP-14_W7.62mm_Socket</footprint>
      <datasheet>https://assets.nexperia.com/documents/data-sheet/HEF40106B.pdf</datasheet>
      <libsource lib="Amplifier_Operational" part="TL074" description="Quad Low-Noise JFET-Input Operational Amplifiers, DIP-14/SOIC-14"/>
      <sheetpath names="/" tstamps="/"/>
      <tstamp>619A96EA</tstamp>
    </comp>
    <comp ref="C2">
      <value>1uF</value>
      <footprint>Capacitor_THT:CP_Radial_D5.0mm_P2.50mm</footprint>
      <datasheet>~</datasheet>
      <libsource lib="Device" part="CP1" description="Polarized capacitor, US symbol"/>
      <sheetpath names="/" tstamps="/"/>
      <tstamp>61A070E6</tstamp>
    </comp>
    <comp ref="R9">
      <value>100K</value>
      <footprint>Resistor_THT:R_Axial_DIN0207_L6.3mm_D2.5mm_P7.62mm_Horizontal</footprint>
      <datasheet>~</datasheet>
      <libsource lib="Device" part="R" description="Resistor"/>
      <sheetpath names="/" tstamps="/"/>
      <tstamp>61A13DC0</tstamp>
    </comp>
    <comp ref="R14">
      <value>100K</value>
      <footprint>Resistor_THT:R_Axial_DIN0207_L6.3mm_D2.5mm_P7.62mm_Horizontal</footprint>
      <datasheet>~</datasheet>
      <libsource lib="Device" part="R" description="Resistor"/>
      <sheetpath names="/" tstamps="/"/>
      <tstamp>61A4077D</tstamp>
    </comp>
    <comp ref="R13">
      <value>33K</value>
      <footprint>Resistor_THT:R_Axial_DIN0207_L6.3mm_D2.5mm_P7.62mm_Horizontal</footprint>
      <datasheet>~</datasheet>
      <libsource lib="Device" part="R" description="Resistor"/>
      <sheetpath names="/" tstamps="/"/>
      <tstamp>61A40FB1</tstamp>
    </comp>
    <comp ref="R15">
      <value>20K</value>
      <footprint>Resistor_THT:R_Axial_DIN0207_L6.3mm_D2.5mm_P7.62mm_Horizontal</footprint>
      <datasheet>~</datasheet>
      <libsource lib="Device" part="R" description="Resistor"/>
      <sheetpath names="/" tstamps="/"/>
      <tstamp>61A58637</tstamp>
    </comp>
    <comp ref="R7">
      <value>200K</value>
      <footprint>Resistor_THT:R_Axial_DIN0207_L6.3mm_D2.5mm_P7.62mm_Horizontal</footprint>
      <datasheet>~</datasheet>
      <libsource lib="Device" part="R" description="Resistor"/>
      <sheetpath names="/" tstamps="/"/>
      <tstamp>61A9FCE1</tstamp>
    </comp>
    <comp ref="D2">
      <value>1N4148</value>
      <footprint>Diode_THT:D_DO-35_SOD27_P7.62mm_Horizontal</footprint>
      <datasheet>https://assets.nexperia.com/documents/data-sheet/1N4148_1N4448.pdf</datasheet>
      <libsource lib="Diode" part="1N4148" description="100V 0.15A standard switching diode, DO-35"/>
      <sheetpath names="/" tstamps="/"/>
      <tstamp>61ADD395</tstamp>
    </comp>
    <comp ref="R8">
      <value>100K</value>
      <footprint>Resistor_THT:R_Axial_DIN0207_L6.3mm_D2.5mm_P7.62mm_Horizontal</footprint>
      <datasheet>~</datasheet>
      <libsource lib="Device" part="R" description="Resistor"/>
      <sheetpath names="/" tstamps="/"/>
      <tstamp>61AE797D</tstamp>
    </comp>
    <comp ref="C3">
      <value>1uF</value>
      <footprint>Capacitor_THT:CP_Radial_D5.0mm_P2.50mm</footprint>
      <datasheet>~</datasheet>
      <libsource lib="Device" part="CP1" description="Polarized capacitor, US symbol"/>
      <sheetpath names="/" tstamps="/"/>
      <tstamp>61AF7435</tstamp>
    </comp>
    <comp ref="R10">
      <value>100K</value>
      <footprint>Resistor_THT:R_Axial_DIN0207_L6.3mm_D2.5mm_P7.62mm_Horizontal</footprint>
      <datasheet>~</datasheet>
      <libsource lib="Device" part="R" description="Resistor"/>
      <sheetpath names="/" tstamps="/"/>
      <tstamp>61B19A44</tstamp>
    </comp>
    <comp ref="R11">
      <value>20K</value>
      <footprint>Resistor_THT:R_Axial_DIN0207_L6.3mm_D2.5mm_P7.62mm_Horizontal</footprint>
      <datasheet>~</datasheet>
      <libsource lib="Device" part="R" description="Resistor"/>
      <sheetpath names="/" tstamps="/"/>
      <tstamp>61B1A4D5</tstamp>
    </comp>
    <comp ref="R12">
      <value>100K</value>
      <footprint>Resistor_THT:R_Axial_DIN0207_L6.3mm_D2.5mm_P7.62mm_Horizontal</footprint>
      <datasheet>~</datasheet>
      <libsource lib="Device" part="R" description="Resistor"/>
      <sheetpath names="/" tstamps="/"/>
      <tstamp>61B1B3F1</tstamp>
    </comp>
    <comp ref="J1">
      <value>Conn_01x16_Female</value>
      <footprint>Connector_PinHeader_2.54mm:PinHeader_1x16_P2.54mm_Vertical</footprint>
      <datasheet>~</datasheet>
      <libsource lib="Connector" part="Conn_01x16_Female" description="Generic connector, single row, 01x16, script generated (kicad-library-utils/schlib/autogen/connector/)"/>
      <sheetpath names="/" tstamps="/"/>
      <tstamp>619502BA</tstamp>
    </comp>
    <comp ref="J2">
      <value>Conn_01x16_Male</value>
      <footprint>Connector_PinHeader_2.54mm:PinHeader_1x16_P2.54mm_Vertical</footprint>
      <datasheet>~</datasheet>
      <libsource lib="Connector" part="Conn_01x16_Male" description="Generic connector, single row, 01x16, script generated (kicad-library-utils/schlib/autogen/connector/)"/>
      <sheetpath names="/" tstamps="/"/>
      <tstamp>61952193</tstamp>
    </comp>
    <comp ref="TH4">
      <value>10K NTC</value>
      <footprint>Capacitor_THT:C_Disc_D3.8mm_W2.6mm_P2.50mm</footprint>
      <datasheet>~</datasheet>
      <libsource lib="Device" part="Thermistor" description="Temperature dependent resistor"/>
      <sheetpath names="/" tstamps="/"/>
      <tstamp>6187BFA1</tstamp>
    </comp>
    <comp ref="TUNING_FINE1">
      <value>100K</value>
      <footprint>Potentiometer_THT:Potentiometer_Alpha_RD901F-40-00D_Single_Vertical</footprint>
      <datasheet>~</datasheet>
      <libsource lib="Device" part="R_POT" description="Potentiometer"/>
      <sheetpath names="/FrontPanel/" tstamps="/61B188F6/"/>
      <tstamp>61D3A2D2</tstamp>
    </comp>
    <comp ref="TUNING_COARSE1">
      <value>100K</value>
      <footprint>Potentiometer_THT:Potentiometer_Alpha_RD901F-40-00D_Single_Vertical</footprint>
      <datasheet>~</datasheet>
      <libsource lib="Device" part="R_POT" description="Potentiometer"/>
      <sheetpath names="/FrontPanel/" tstamps="/61B188F6/"/>
      <tstamp>61D3A2D8</tstamp>
    </comp>
    <comp ref="J3">
      <value>V_OCT_IN</value>
      <footprint>Connector_Audio:Jack_3.5mm_QingPu_WQP-PJ398SM_Vertical_CircularHoles</footprint>
      <datasheet>~</datasheet>
      <libsource lib="Connector" part="AudioJack2" description="Audio Jack, 2 Poles (Mono / TS)"/>
      <sheetpath names="/FrontPanel/" tstamps="/61B188F6/"/>
      <tstamp>61E1D45D</tstamp>
    </comp>
    <comp ref="J4">
      <value>FM_IN</value>
      <footprint>Connector_Audio:Jack_3.5mm_QingPu_WQP-PJ398SM_Vertical_CircularHoles</footprint>
      <datasheet>~</datasheet>
      <libsource lib="Connector" part="AudioJack2" description="Audio Jack, 2 Poles (Mono / TS)"/>
      <sheetpath names="/FrontPanel/" tstamps="/61B188F6/"/>
      <tstamp>61E1D463</tstamp>
    </comp>
    <comp ref="PULSE_WIDTH1">
      <value>100K</value>
      <footprint>Potentiometer_THT:Potentiometer_Alpha_RD901F-40-00D_Single_Vertical</footprint>
      <datasheet>~</datasheet>
      <libsource lib="Device" part="R_POT" description="Potentiometer"/>
      <sheetpath names="/FrontPanel/" tstamps="/61B188F6/"/>
      <tstamp>61F62CB0</tstamp>
    </comp>
    <comp ref="SCALE1">
      <value>1K</value>
      <footprint>Potentiometer_THT:Potentiometer_Bourns_3266Y_Vertical</footprint>
      <datasheet>~</datasheet>
      <libsource lib="Device" part="RTRIM" description="Trimmable resistor (preset resistor)"/>
      <sheetpath names="/FrontPanel/" tstamps="/61B188F6/"/>
      <tstamp>6201ECE6</tstamp>
    </comp>
    <comp ref="J5">
      <value>PULSE_OUT</value>
      <footprint>Connector_Audio:Jack_3.5mm_QingPu_WQP-PJ398SM_Vertical_CircularHoles</footprint>
      <datasheet>~</datasheet>
      <libsource lib="Connector" part="AudioJack2" description="Audio Jack, 2 Poles (Mono / TS)"/>
      <sheetpath names="/FrontPanel/" tstamps="/61B188F6/"/>
      <tstamp>6206860F</tstamp>
    </comp>
    <comp ref="J6">
      <value>SAW_OUT</value>
      <footprint>Connector_Audio:Jack_3.5mm_QingPu_WQP-PJ398SM_Vertical_CircularHoles</footprint>
      <datasheet>~</datasheet>
      <libsource lib="Connector" part="AudioJack2" description="Audio Jack, 2 Poles (Mono / TS)"/>
      <sheetpath names="/FrontPanel/" tstamps="/61B188F6/"/>
      <tstamp>6209C31C</tstamp>
    </comp>
    <comp ref="FM_AMOUNT1">
      <value>1M</value>
      <footprint>Potentiometer_THT:Potentiometer_Alpha_RD901F-40-00D_Single_Vertical</footprint>
      <datasheet>~</datasheet>
      <libsource lib="Device" part="R_POT" description="Potentiometer"/>
      <sheetpath names="/FrontPanel/" tstamps="/61B188F6/"/>
      <tstamp>61ECFC21</tstamp>
    </comp>
    <comp ref="D3">
      <value>LED</value>
      <footprint>LED_THT:LED_D3.0mm</footprint>
      <datasheet>~</datasheet>
      <libsource lib="Device" part="LED" description="Light emitting diode"/>
      <sheetpath names="/FrontPanel/" tstamps="/61B188F6/"/>
      <tstamp>62223C34</tstamp>
    </comp>
    <comp ref="R18">
      <value>10K</value>
      <footprint>Resistor_THT:R_Axial_DIN0207_L6.3mm_D2.5mm_P7.62mm_Horizontal</footprint>
      <datasheet>~</datasheet>
      <libsource lib="Device" part="R" description="Resistor"/>
      <sheetpath names="/FrontPanel/" tstamps="/61B188F6/"/>
      <tstamp>62228341</tstamp>
    </comp>
    <comp ref="J7">
      <value>JST_BUS</value>
      <footprint>Connector_JST:JST_XH_B6B-XH-A_1x06_P2.50mm_Vertical</footprint>
      <datasheet>~</datasheet>
      <libsource lib="Connector" part="Conn_01x06_Male" description="Generic connector, single row, 01x06, script generated (kicad-library-utils/schlib/autogen/connector/)"/>
      <sheetpath names="/Power/" tstamps="/61FA9972/"/>
      <tstamp>61FC4B84</tstamp>
    </comp>
    <comp ref="J8">
      <value>IDC_BUS</value>
      <footprint>Connector_IDC:IDC-Header_2x08_P2.54mm_Vertical</footprint>
      <datasheet>~</datasheet>
      <libsource lib="Connector" part="Conn_01x16_Male" description="Generic connector, single row, 01x16, script generated (kicad-library-utils/schlib/autogen/connector/)"/>
      <sheetpath names="/Power/" tstamps="/61FA9972/"/>
      <tstamp>61FC4B8A</tstamp>
    </comp>
    <comp ref="C5">
      <value>100uF</value>
      <footprint>Capacitor_THT:CP_Radial_D5.0mm_P2.50mm</footprint>
      <datasheet>~</datasheet>
      <libsource lib="Device" part="CP1" description="Polarized capacitor, US symbol"/>
      <sheetpath names="/Power/" tstamps="/61FA9972/"/>
      <tstamp>61FC4B97</tstamp>
    </comp>
    <comp ref="C4">
      <value>100uF</value>
      <footprint>Capacitor_THT:CP_Radial_D5.0mm_P2.50mm</footprint>
      <datasheet>~</datasheet>
      <libsource lib="Device" part="CP1" description="Polarized capacitor, US symbol"/>
      <sheetpath names="/Power/" tstamps="/61FA9972/"/>
      <tstamp>61FC4B9D</tstamp>
    </comp>
    <comp ref="C6">
      <value>100nF</value>
      <footprint>Capacitor_THT:C_Rect_L7.2mm_W2.5mm_P5.00mm_FKS2_FKP2_MKS2_MKP2</footprint>
      <datasheet>~</datasheet>
      <libsource lib="Device" part="C" description="Unpolarized capacitor"/>
      <sheetpath names="/Power/" tstamps="/61FA9972/"/>
      <tstamp>62003DE3</tstamp>
    </comp>
    <comp ref="C8">
      <value>100nF</value>
      <footprint>Capacitor_THT:C_Rect_L7.2mm_W2.5mm_P5.00mm_FKS2_FKP2_MKS2_MKP2</footprint>
      <datasheet>~</datasheet>
      <libsource lib="Device" part="C" description="Unpolarized capacitor"/>
      <sheetpath names="/Power/" tstamps="/61FA9972/"/>
      <tstamp>62003E05</tstamp>
    </comp>
    <comp ref="C7">
      <value>100nF</value>
      <footprint>Capacitor_THT:C_Rect_L7.2mm_W2.5mm_P5.00mm_FKS2_FKP2_MKS2_MKP2</footprint>
      <datasheet>~</datasheet>
      <libsource lib="Device" part="C" description="Unpolarized capacitor"/>
      <sheetpath names="/Power/" tstamps="/61FA9972/"/>
      <tstamp>62003E0B</tstamp>
    </comp>
    <comp ref="R17">
      <value>10K</value>
      <footprint>Resistor_THT:R_Axial_DIN0207_L6.3mm_D2.5mm_P7.62mm_Horizontal</footprint>
      <datasheet>~</datasheet>
      <libsource lib="Device" part="R" description="Resistor"/>
      <sheetpath names="/Unused/" tstamps="/61FE83AF/"/>
      <tstamp>61A9C409</tstamp>
    </comp>
    <comp ref="R16">
      <value>10K</value>
      <footprint>Resistor_THT:R_Axial_DIN0207_L6.3mm_D2.5mm_P7.62mm_Horizontal</footprint>
      <datasheet>~</datasheet>
      <libsource lib="Device" part="R" description="Resistor"/>
      <sheetpath names="/Unused/" tstamps="/61FE83AF/"/>
      <tstamp>61A9C40F</tstamp>
    </comp>
  </components>
  <libparts>
    <libpart lib="4xxx" part="40106">
      <description>Hex Schmitt trigger inverter</description>
      <docs>https://assets.nexperia.com/documents/data-sheet/HEF40106B.pdf</docs>
      <footprints>
        <fp>DIP?14*</fp>
      </footprints>
      <fields>
        <field name="Reference">U</field>
        <field name="Value">40106</field>
      </fields>
      <pins>
        <pin num="1" name="~" type="input"/>
        <pin num="2" name="~" type="output"/>
        <pin num="3" name="~" type="input"/>
        <pin num="4" name="~" type="output"/>
        <pin num="5" name="~" type="input"/>
        <pin num="6" name="~" type="output"/>
        <pin num="7" name="VSS" type="power_in"/>
        <pin num="8" name="~" type="output"/>
        <pin num="9" name="~" type="input"/>
        <pin num="10" name="~" type="output"/>
        <pin num="11" name="~" type="input"/>
        <pin num="12" name="~" type="output"/>
        <pin num="13" name="~" type="input"/>
        <pin num="14" name="VDD" type="power_in"/>
      </pins>
    </libpart>
    <libpart lib="Amplifier_Operational" part="LM2902">
      <aliases>
        <alias>LM324</alias>
        <alias>TLC274</alias>
        <alias>TLC279</alias>
        <alias>TL074</alias>
        <alias>LM324A</alias>
        <alias>MCP6004</alias>
        <alias>TL084</alias>
        <alias>TL064</alias>
        <alias>LMV324</alias>
        <alias>LMC6484</alias>
        <alias>MCP604</alias>
        <alias>MC33079</alias>
        <alias>MC33174</alias>
        <alias>MC33179</alias>
        <alias>OPA1604</alias>
        <alias>OPA1679</alias>
        <alias>OPA4134</alias>
        <alias>OPA4340UA</alias>
        <alias>OPA4376</alias>
        <alias>MCP6L94</alias>
        <alias>TSV914</alias>
        <alias>ADA4807-4</alias>
        <alias>TSV994</alias>
      </aliases>
      <description>Low-Power, Quad-Operational Amplifiers, DIP-14/SOIC-14/SSOP-14</description>
      <docs>http://www.ti.com/lit/ds/symlink/lm2902-n.pdf</docs>
      <footprints>
        <fp>SOIC*3.9x8.7mm*P1.27mm*</fp>
        <fp>DIP*W7.62mm*</fp>
        <fp>TSSOP*4.4x5mm*P0.65mm*</fp>
        <fp>SSOP*5.3x6.2mm*P0.65mm*</fp>
        <fp>MSOP*3x3mm*P0.5mm*</fp>
      </footprints>
      <fields>
        <field name="Reference">U</field>
        <field name="Value">LM2902</field>
      </fields>
      <pins>
        <pin num="1" name="~" type="output"/>
        <pin num="2" name="-" type="input"/>
        <pin num="3" name="+" type="input"/>
        <pin num="4" name="V+" type="power_in"/>
        <pin num="5" name="+" type="input"/>
        <pin num="6" name="-" type="input"/>
        <pin num="7" name="~" type="output"/>
        <pin num="8" name="~" type="output"/>
        <pin num="9" name="-" type="input"/>
        <pin num="10" name="+" type="input"/>
        <pin num="11" name="V-" type="power_in"/>
        <pin num="12" name="+" type="input"/>
        <pin num="13" name="-" type="input"/>
        <pin num="14" name="~" type="output"/>
      </pins>
    </libpart>
    <libpart lib="Connector" part="AudioJack2">
      <description>Audio Jack, 2 Poles (Mono / TS)</description>
      <docs>~</docs>
      <footprints>
        <fp>Jack*</fp>
      </footprints>
      <fields>
        <field name="Reference">J</field>
        <field name="Value">AudioJack2</field>
      </fields>
      <pins>
        <pin num="S" name="~" type="passive"/>
        <pin num="T" name="~" type="passive"/>
      </pins>
    </libpart>
    <libpart lib="Connector" part="Conn_01x06_Male">
      <description>Generic connector, single row, 01x06, script generated (kicad-library-utils/schlib/autogen/connector/)</description>
      <docs>~</docs>
      <footprints>
        <fp>Connector*:*_1x??_*</fp>
      </footprints>
      <fields>
        <field name="Reference">J</field>
        <field name="Value">Conn_01x06_Male</field>
      </fields>
      <pins>
        <pin num="1" name="Pin_1" type="passive"/>
        <pin num="2" name="Pin_2" type="passive"/>
        <pin num="3" name="Pin_3" type="passive"/>
        <pin num="4" name="Pin_4" type="passive"/>
        <pin num="5" name="Pin_5" type="passive"/>
        <pin num="6" name="Pin_6" type="passive"/>
      </pins>
    </libpart>
    <libpart lib="Connector" part="Conn_01x16_Female">
      <description>Generic connector, single row, 01x16, script generated (kicad-library-utils/schlib/autogen/connector/)</description>
      <docs>~</docs>
      <footprints>
        <fp>Connector*:*_1x??_*</fp>
      </footprints>
      <fields>
        <field name="Reference">J</field>
        <field name="Value">Conn_01x16_Female</field>
      </fields>
      <pins>
        <pin num="1" name="Pin_1" type="passive"/>
        <pin num="2" name="Pin_2" type="passive"/>
        <pin num="3" name="Pin_3" type="passive"/>
        <pin num="4" name="Pin_4" type="passive"/>
        <pin num="5" name="Pin_5" type="passive"/>
        <pin num="6" name="Pin_6" type="passive"/>
        <pin num="7" name="Pin_7" type="passive"/>
        <pin num="8" name="Pin_8" type="passive"/>
        <pin num="9" name="Pin_9" type="passive"/>
        <pin num="10" name="Pin_10" type="passive"/>
        <pin num="11" name="Pin_11" type="passive"/>
        <pin num="12" name="Pin_12" type="passive"/>
        <pin num="13" name="Pin_13" type="passive"/>
        <pin num="14" name="Pin_14" type="passive"/>
        <pin num="15" name="Pin_15" type="passive"/>
        <pin num="16" name="Pin_16" type="passive"/>
      </pins>
    </libpart>
    <libpart lib="Connector" part="Conn_01x16_Male">
      <description>Generic connector, single row, 01x16, script generated (kicad-library-utils/schlib/autogen/connector/)</description>
      <docs>~</docs>
      <footprints>
        <fp>Connector*:*_1x??_*</fp>
      </footprints>
      <fields>
        <field name="Reference">J</field>
        <field name="Value">Conn_01x16_Male</field>
      </fields>
      <pins>
        <pin num="1" name="Pin_1" type="passive"/>
        <pin num="2" name="Pin_2" type="passive"/>
        <pin num="3" name="Pin_3" type="passive"/>
        <pin num="4" name="Pin_4" type="passive"/>
        <pin num="5" name="Pin_5" type="passive"/>
        <pin num="6" name="Pin_6" type="passive"/>
        <pin num="7" name="Pin_7" type="passive"/>
        <pin num="8" name="Pin_8" type="passive"/>
        <pin num="9" name="Pin_9" type="passive"/>
        <pin num="10" name="Pin_10" type="passive"/>
        <pin num="11" name="Pin_11" type="passive"/>
        <pin num="12" name="Pin_12" type="passive"/>
        <pin num="13" name="Pin_13" type="passive"/>
        <pin num="14" name="Pin_14" type="passive"/>
        <pin num="15" name="Pin_15" type="passive"/>
        <pin num="16" name="Pin_16" type="passive"/>
      </pins>
    </libpart>
    <libpart lib="Device" part="C">
      <description>Unpolarized capacitor</description>
      <docs>~</docs>
      <footprints>
        <fp>C_*</fp>
      </footprints>
      <fields>
        <field name="Reference">C</field>
        <field name="Value">C</field>
      </fields>
      <pins>
        <pin num="1" name="~" type="passive"/>
        <pin num="2" name="~" type="passive"/>
      </pins>
    </libpart>
    <libpart lib="Device" part="CP1">
      <description>Polarized capacitor, US symbol</description>
      <docs>~</docs>
      <footprints>
        <fp>CP_*</fp>
      </footprints>
      <fields>
        <field name="Reference">C</field>
        <field name="Value">CP1</field>
      </fields>
      <pins>
        <pin num="1" name="~" type="passive"/>
        <pin num="2" name="~" type="passive"/>
      </pins>
    </libpart>
    <libpart lib="Device" part="LED">
      <description>Light emitting diode</description>
      <docs>~</docs>
      <footprints>
        <fp>LED*</fp>
        <fp>LED_SMD:*</fp>
        <fp>LED_THT:*</fp>
      </footprints>
      <fields>
        <field name="Reference">D</field>
        <field name="Value">LED</field>
      </fields>
      <pins>
        <pin num="1" name="K" type="passive"/>
        <pin num="2" name="A" type="passive"/>
      </pins>
    </libpart>
    <libpart lib="Device" part="R">
      <description>Resistor</description>
      <docs>~</docs>
      <footprints>
        <fp>R_*</fp>
      </footprints>
      <fields>
        <field name="Reference">R</field>
        <field name="Value">R</field>
      </fields>
      <pins>
        <pin num="1" name="~" type="passive"/>
        <pin num="2" name="~" type="passive"/>
      </pins>
    </libpart>
    <libpart lib="Device" part="RTRIM">
      <description>Trimmable resistor (preset resistor)</description>
      <docs>~</docs>
      <footprints>
        <fp>R_*</fp>
      </footprints>
      <fields>
        <field name="Reference">R</field>
        <field name="Value">RTRIM</field>
      </fields>
      <pins>
        <pin num="1" name="~" type="passive"/>
        <pin num="2" name="~" type="passive"/>
      </pins>
    </libpart>
    <libpart lib="Device" part="R_POT">
      <description>Potentiometer</description>
      <docs>~</docs>
      <footprints>
        <fp>Potentiometer*</fp>
      </footprints>
      <fields>
        <field name="Reference">RV</field>
        <field name="Value">R_POT</field>
      </fields>
      <pins>
        <pin num="1" name="1" type="passive"/>
        <pin num="2" name="2" type="passive"/>
        <pin num="3" name="3" type="passive"/>
      </pins>
    </libpart>
    <libpart lib="Device" part="Thermistor">
      <description>Temperature dependent resistor</description>
      <docs>~</docs>
      <footprints>
        <fp>R_*</fp>
      </footprints>
      <fields>
        <field name="Reference">TH</field>
        <field name="Value">Thermistor</field>
      </fields>
      <pins>
        <pin num="1" name="~" type="passive"/>
        <pin num="2" name="~" type="passive"/>
      </pins>
    </libpart>
    <libpart lib="Diode" part="1N4148">
      <aliases>
        <alias>1N4448</alias>
        <alias>1N4149</alias>
        <alias>1N4151</alias>
        <alias>1N914</alias>
        <alias>BA243</alias>
        <alias>BA244</alias>
        <alias>BA282</alias>
        <alias>BA283</alias>
        <alias>BAV17</alias>
        <alias>BAV18</alias>
        <alias>BAV19</alias>
        <alias>BAV20</alias>
        <alias>BAV21</alias>
        <alias>BAW75</alias>
        <alias>BAW76</alias>
        <alias>BAY93</alias>
      </aliases>
      <description>100V 0.15A standard switching diode, DO-35</description>
      <docs>https://assets.nexperia.com/documents/data-sheet/1N4148_1N4448.pdf</docs>
      <footprints>
        <fp>D*DO?35*</fp>
      </footprints>
      <fields>
        <field name="Reference">D</field>
        <field name="Value">1N4148</field>
        <field name="Footprint">Diode_THT:D_DO-35_SOD27_P7.62mm_Horizontal</field>
      </fields>
      <pins>
        <pin num="1" name="K" type="passive"/>
        <pin num="2" name="A" type="passive"/>
      </pins>
    </libpart>
    <libpart lib="Transistor_BJT" part="BC547">
      <aliases>
        <alias>BC546</alias>
        <alias>BC548</alias>
        <alias>BC549</alias>
        <alias>BC550</alias>
        <alias>BC337</alias>
        <alias>BC338</alias>
      </aliases>
      <description>0.1A Ic, 45V Vce, Small Signal NPN Transistor, TO-92</description>
      <docs>https://www.onsemi.com/pub/Collateral/BC550-D.pdf</docs>
      <footprints>
        <fp>TO?92*</fp>
      </footprints>
      <fields>
        <field name="Reference">Q</field>
        <field name="Value">BC547</field>
        <field name="Footprint">Package_TO_SOT_THT:TO-92_Inline</field>
      </fields>
      <pins>
        <pin num="1" name="C" type="passive"/>
        <pin num="2" name="B" type="input"/>
        <pin num="3" name="E" type="passive"/>
      </pins>
    </libpart>
    <libpart lib="Transistor_BJT" part="BC557">
      <aliases>
        <alias>BC556</alias>
        <alias>BC558</alias>
        <alias>BC559</alias>
        <alias>BC560</alias>
        <alias>BC327</alias>
        <alias>BC328</alias>
      </aliases>
      <description>0.1A Ic, 45V Vce, PNP Small Signal Transistor, TO-92</description>
      <docs>https://www.onsemi.com/pub/Collateral/BC556BTA-D.pdf</docs>
      <footprints>
        <fp>TO?92*</fp>
      </footprints>
      <fields>
        <field name="Reference">Q</field>
        <field name="Value">BC557</field>
        <field name="Footprint">Package_TO_SOT_THT:TO-92_Inline</field>
      </fields>
      <pins>
        <pin num="1" name="C" type="passive"/>
        <pin num="2" name="B" type="input"/>
        <pin num="3" name="E" type="passive"/>
      </pins>
    </libpart>
  </libparts>
  <libraries>
    <library logical="4xxx">
      <uri>/usr/share/kicad/library/4xxx.lib</uri>
    </library>
    <library logical="Amplifier_Operational">
      <uri>/usr/share/kicad/library/Amplifier_Operational.lib</uri>
    </library>
    <library logical="Connector">
      <uri>/usr/share/kicad/library/Connector.lib</uri>
    </library>
    <library logical="Device">
      <uri>/usr/share/kicad/library/Device.lib</uri>
    </library>
    <library logical="Diode">
      <uri>/usr/share/kicad/library/Diode.lib</uri>
    </library>
    <library logical="Transistor_BJT">
      <uri>/usr/share/kicad/library/Transistor_BJT.lib</uri>
    </library>
  </libraries>
  <nets>
    <net code="1" name="Net-(J1-Pad7)">
      <node ref="J1" pin="7"/>
    </net>
    <net code="2" name="Net-(J1-Pad6)">
      <node ref="R3" pin="2"/>
      <node ref="J1" pin="6"/>
    </net>
    <net code="3" name="Net-(J1-Pad5)">
      <node ref="R4" pin="2"/>
      <node ref="J1" pin="5"/>
    </net>
    <net code="4" name="Net-(J1-Pad4)">
      <node ref="J1" pin="4"/>
    </net>
    <net code="5" name="+12V">
      <node ref="J7" pin="4"/>
      <node ref="J8" pin="10"/>
      <node ref="U1" pin="4"/>
      <node ref="J8" pin="9"/>
      <node ref="C4" pin="1"/>
      <node ref="C7" pin="1"/>
      <node ref="R16" pin="2"/>
      <node ref="J1" pin="3"/>
      <node ref="R6" pin="2"/>
      <node ref="U2" pin="14"/>
      <node ref="C6" pin="1"/>
    </net>
    <net code="6" name="Net-(J1-Pad16)">
      <node ref="J1" pin="16"/>
      <node ref="R1" pin="2"/>
    </net>
    <net code="7" name="/FrontPanel/FP_V_OCT_IN">
      <node ref="J3" pin="T"/>
      <node ref="J2" pin="6"/>
    </net>
    <net code="8" name="/FrontPanel/FP_FM_IN">
      <node ref="J4" pin="T"/>
      <node ref="J2" pin="5"/>
    </net>
    <net code="9" name="Net-(J2-Pad4)">
      <node ref="J2" pin="4"/>
    </net>
    <net code="10" name="/FrontPanel/FP_12V_POS">
      <node ref="J2" pin="3"/>
      <node ref="R18" pin="2"/>
    </net>
    <net code="11" name="GND1">
      <node ref="TUNING_FINE1" pin="3"/>
      <node ref="TUNING_COARSE1" pin="3"/>
      <node ref="J3" pin="S"/>
      <node ref="J4" pin="S"/>
      <node ref="PULSE_WIDTH1" pin="3"/>
      <node ref="J2" pin="2"/>
      <node ref="J5" pin="S"/>
      <node ref="SCALE1" pin="2"/>
      <node ref="PULSE_WIDTH1" pin="2"/>
      <node ref="J6" pin="S"/>
      <node ref="D3" pin="1"/>
    </net>
    <net code="12" name="/FrontPanel/FP_COARSE">
      <node ref="TUNING_COARSE1" pin="2"/>
      <node ref="J2" pin="16"/>
    </net>
    <net code="13" name="/FrontPanel/FP_FINE">
      <node ref="J2" pin="15"/>
      <node ref="TUNING_FINE1" pin="2"/>
    </net>
    <net code="14" name="/FrontPanel/FP_SCALE">
      <node ref="SCALE1" pin="1"/>
      <node ref="J2" pin="14"/>
    </net>
    <net code="15" name="Net-(J2-Pad11)">
      <node ref="J2" pin="11"/>
    </net>
    <net code="16" name="/FrontPanel/FP_PULSE_WIDTH">
      <node ref="PULSE_WIDTH1" pin="1"/>
      <node ref="J2" pin="10"/>
    </net>
    <net code="17" name="FP_12V_NEG">
      <node ref="TUNING_FINE1" pin="1"/>
      <node ref="TUNING_COARSE1" pin="1"/>
      <node ref="J2" pin="1"/>
    </net>
    <net code="18" name="/FrontPanel/FP_SAW_OUT">
      <node ref="J2" pin="13"/>
      <node ref="J6" pin="T"/>
    </net>
    <net code="19" name="/FrontPanel/FP_PULSE_OUT">
      <node ref="J2" pin="12"/>
      <node ref="J5" pin="T"/>
    </net>
    <net code="20" name="/FrontPanel/FP_FM_AMT_P3">
      <node ref="FM_AMOUNT1" pin="3"/>
      <node ref="J2" pin="9"/>
    </net>
    <net code="21" name="/FrontPanel/FP_FM_AMT_P2">
      <node ref="J2" pin="8"/>
      <node ref="FM_AMOUNT1" pin="1"/>
      <node ref="FM_AMOUNT1" pin="2"/>
    </net>
    <net code="22" name="Net-(C3-Pad2)">
      <node ref="C3" pin="2"/>
      <node ref="R11" pin="1"/>
      <node ref="R10" pin="2"/>
    </net>
    <net code="23" name="Net-(C3-Pad1)">
      <node ref="C3" pin="1"/>
      <node ref="U2" pin="4"/>
    </net>
    <net code="24" name="Earth">
      <node ref="J8" pin="8"/>
      <node ref="J7" pin="5"/>
      <node ref="C5" pin="1"/>
      <node ref="C6" pin="2"/>
      <node ref="U2" pin="7"/>
      <node ref="C4" pin="2"/>
      <node ref="C7" pin="2"/>
      <node ref="J8" pin="4"/>
      <node ref="J8" pin="5"/>
      <node ref="C8" pin="1"/>
      <node ref="J8" pin="6"/>
      <node ref="J8" pin="3"/>
      <node ref="J8" pin="7"/>
      <node ref="R10" pin="1"/>
      <node ref="R13" pin="2"/>
      <node ref="C1" pin="2"/>
      <node ref="R8" pin="1"/>
      <node ref="Q2" pin="3"/>
      <node ref="R9" pin="1"/>
      <node ref="J1" pin="2"/>
      <node ref="R12" pin="1"/>
    </net>
    <net code="25" name="Net-(D2-Pad1)">
      <node ref="R8" pin="2"/>
      <node ref="D2" pin="1"/>
      <node ref="U2" pin="3"/>
    </net>
    <net code="26" name="SCALE">
      <node ref="J1" pin="14"/>
      <node ref="R5" pin="1"/>
    </net>
    <net code="27" name="SAW_OUT">
      <node ref="J1" pin="13"/>
      <node ref="R15" pin="2"/>
    </net>
    <net code="28" name="PULSE_OUT">
      <node ref="J1" pin="12"/>
      <node ref="R11" pin="2"/>
      <node ref="R12" pin="2"/>
    </net>
    <net code="29" name="Net-(J1-Pad11)">
      <node ref="J1" pin="11"/>
    </net>
    <net code="30" name="Net-(J2-Pad7)">
      <node ref="J2" pin="7"/>
    </net>
    <net code="31" name="Net-(R4-Pad1)">
      <node ref="R4" pin="1"/>
      <node ref="TH4" pin="2"/>
    </net>
    <net code="32" name="FM_AMT_P2">
      <node ref="TH4" pin="1"/>
      <node ref="J1" pin="8"/>
    </net>
    <net code="33" name="-12V">
      <node ref="C5" pin="2"/>
      <node ref="J1" pin="1"/>
      <node ref="R17" pin="1"/>
      <node ref="C8" pin="2"/>
      <node ref="J8" pin="1"/>
      <node ref="J7" pin="6"/>
      <node ref="J8" pin="2"/>
      <node ref="U1" pin="11"/>
      <node ref="Q1" pin="1"/>
    </net>
    <net code="34" name="Net-(J1-Pad15)">
      <node ref="R2" pin="2"/>
      <node ref="J1" pin="15"/>
    </net>
    <net code="35" name="Net-(Q1-Pad3)">
      <node ref="Q1" pin="3"/>
      <node ref="R6" pin="1"/>
      <node ref="Q2" pin="2"/>
    </net>
    <net code="36" name="Net-(D1-Pad2)">
      <node ref="D1" pin="2"/>
      <node ref="U2" pin="2"/>
    </net>
    <net code="37" name="Net-(R1-Pad1)">
      <node ref="R1" pin="1"/>
      <node ref="TH1" pin="2"/>
    </net>
    <net code="38" name="Net-(R2-Pad1)">
      <node ref="TH2" pin="2"/>
      <node ref="R2" pin="1"/>
    </net>
    <net code="39" name="Net-(R3-Pad1)">
      <node ref="TH3" pin="2"/>
      <node ref="R3" pin="1"/>
    </net>
    <net code="40" name="FM_AMT_P3">
      <node ref="J1" pin="9"/>
      <node ref="R5" pin="2"/>
      <node ref="Q1" pin="2"/>
      <node ref="TH2" pin="1"/>
      <node ref="TH1" pin="1"/>
      <node ref="TH3" pin="1"/>
    </net>
    <net code="41" name="Net-(R14-Pad2)">
      <node ref="R15" pin="1"/>
      <node ref="U1" pin="7"/>
      <node ref="R14" pin="2"/>
    </net>
    <net code="42" name="Net-(D2-Pad2)">
      <node ref="R7" pin="2"/>
      <node ref="D2" pin="2"/>
      <node ref="U1" pin="8"/>
    </net>
    <net code="43" name="Net-(R13-Pad1)">
      <node ref="R14" pin="1"/>
      <node ref="R13" pin="1"/>
      <node ref="U1" pin="6"/>
    </net>
    <net code="44" name="PULSE_WIDTH">
      <node ref="U1" pin="9"/>
      <node ref="R7" pin="1"/>
      <node ref="J1" pin="10"/>
    </net>
    <net code="45" name="Net-(C2-Pad1)">
      <node ref="C2" pin="1"/>
      <node ref="U1" pin="1"/>
      <node ref="U1" pin="2"/>
    </net>
    <net code="46" name="Net-(C1-Pad1)">
      <node ref="Q2" pin="1"/>
      <node ref="D1" pin="1"/>
      <node ref="U2" pin="1"/>
      <node ref="C1" pin="1"/>
      <node ref="U1" pin="3"/>
    </net>
    <net code="47" name="Net-(C2-Pad2)">
      <node ref="C2" pin="2"/>
      <node ref="U1" pin="10"/>
      <node ref="U1" pin="5"/>
      <node ref="R9" pin="2"/>
    </net>
    <net code="48" name="Net-(D3-Pad2)">
      <node ref="R18" pin="1"/>
      <node ref="D3" pin="2"/>
    </net>
    <net code="49" name="Net-(J8-Pad15)">
      <node ref="J8" pin="16"/>
      <node ref="J8" pin="15"/>
    </net>
    <net code="53" name="Net-(J8-Pad13)">
      <node ref="J8" pin="14"/>
      <node ref="J8" pin="13"/>
    </net>
    <net code="54" name="Net-(J8-Pad11)">
      <node ref="J8" pin="11"/>
      <node ref="J8" pin="12"/>
    </net>
    <net code="55" name="Net-(J7-Pad3)">
      <node ref="J7" pin="3"/>
    </net>
    <net code="56" name="Net-(J7-Pad2)">
      <node ref="J7" pin="2"/>
    </net>
    <net code="57" name="Net-(J7-Pad1)">
      <node ref="J7" pin="1"/>
    </net>
    <net code="58" name="Net-(U2-Pad8)">
      <node ref="U2" pin="8"/>
    </net>
    <net code="59" name="Net-(U2-Pad9)">
      <node ref="U2" pin="9"/>
    </net>
    <net code="60" name="Net-(U2-Pad12)">
      <node ref="U2" pin="12"/>
    </net>
    <net code="61" name="Net-(U2-Pad13)">
      <node ref="U2" pin="13"/>
    </net>
    <net code="62" name="Net-(U2-Pad5)">
      <node ref="U2" pin="5"/>
    </net>
    <net code="63" name="Net-(U2-Pad6)">
      <node ref="U2" pin="6"/>
    </net>
    <net code="64" name="Net-(U2-Pad11)">
      <node ref="U2" pin="11"/>
    </net>
    <net code="65" name="Net-(U2-Pad10)">
      <node ref="U2" pin="10"/>
    </net>
    <net code="66" name="Net-(U1-Pad13)">
      <node ref="U1" pin="14"/>
      <node ref="U1" pin="13"/>
    </net>
    <net code="67" name="Net-(R16-Pad1)">
      <node ref="R16" pin="1"/>
      <node ref="R17" pin="2"/>
      <node ref="U1" pin="12"/>
    </net>
  </nets>
</export>
